Id;firstname;lastname;email;country;;
1;John;Smith;john.smith@email.com;US;;
2;Maria;Garcia;maria.garcia@email.com;ES;;
3;Yuki;Tanaka;yuki.tanaka@email.com;JP;;
4;Hans;Mueller;hans.mueller@email.com;DE;;
5;Fatima;Ahmed;fatima.ahmed@email.com;EG;;
6;Pierre;Dubois;pierre.dubois@email.com;FR;;
7;Li;Wei;li.wei@email.com;CN;;
8;Olga;Ivanova;olga.ivanova@email.com;RU;;
9;Carlos;Silva;carlos.silva@email.com;BR;;
10;Emma;Johnson;emma.johnson@email.com;GB;;
11;Ahmed;Hassan;ahmed.hassan@email.com;SA;;
12;Sophie;Lefevre;sophie.lefevre@email.com;BE;;
13;Giovanni;Rossi;giovanni.rossi@email.com;IT;;
14;Ananya;Patel;ananya.patel@email.com;IN;;
15;Lars;Andersen;lars.andersen@email.com;DK;;
16;Mei;Chen;mei.chen@email.com;TW;;
17;Sven;Johansson;sven.johansson@email.com;SE;;
18;Aisha;Mahmoud;aisha.mahmoud@email.com;AE;;
19;Javier;Lopez;javier.lopez@email.com;MX;;
20;Anna;Kowalski;anna.kowalski@email.com;PL;;
21;Hiroshi;Yamamoto;hiroshi.yamamoto@email.com;JP;;
22;Ingrid;Berg;ingrid.berg@email.com;NO;;
23;Ravi;Kumar;ravi.kumar@email.com;IN;;
24;Lena;Petrov;lena.petrov@email.com;RU;;
25;Miguel;Fernandez;miguel.fernandez@email.com;ES;;
26;Sarah;Brown;sarah.brown@email.com;CA;;
27;Ali;Yilmaz;ali.yilmaz@email.com;TR;;
28;Sophia;Nguyen;sophia.nguyen@email.com;VN;;
29;Klaus;Schmidt;klaus.schmidt@email.com;AT;;
30;Fatma;El-Sayed;fatma.elsayed@email.com;EG;;
31;Lukas;Novak;lukas.novak@email.com;CZ;;
32;Yara;Khalil;yara.khalil@email.com;LB;;
33;Antonio;Ferreira;antonio.ferreira@email.com;PT;;
34;Ling;Zhang;ling.zhang@email.com;CN;;
35;Erik;Larsson;erik.larsson@email.com;SE;;
36;Amina;Diallo;amina.diallo@email.com;SN;;
37;Marco;Bianchi;marco.bianchi@email.com;IT;;
38;Zoe;Williams;zoe.williams@email.com;AU;;
39;Ivan;Petrov;ivan.petrov@email.com;BG;;
40;Leila;Morad;leila.morad@email.com;MA;;
41;Jens;Nielsen;jens.nielsen@email.com;DK;;
42;Yuki;Sato;yuki.sato@email.com;JP;;
43;Elena;Popescu;elena.popescu@email.com;RO;;
44;Mohammed;Al-Farsi;mohammed.alfarsi@email.com;OM;;
45;Astrid;Bakker;astrid.bakker@email.com;NL;;
46;Raj;Sharma;raj.sharma@email.com;IN;;
47;Katarina;Novakova;katarina.novakova@email.com;SK;;
48;Tariq;Abdullah;tariq.abdullah@email.com;SA;;
49;Camille;Dupont;camille.dupont@email.com;FR;;
50;Akira;Tanaka;akira.tanaka@email.com;JP;;
51;Marta;Kovacs;marta.kovacs@email.com;HU;;
52;Dimitri;Papadopoulos;dimitri.papadopoulos@email.com;GR;;
53;Ines;Moreno;ines.moreno@email.com;AR;;
54;Cheng;Wu;cheng.wu@email.com;CN;;
55;Liam;O'Connor;liam.oconnor@email.com;IE;;
56;Nadia;Ivanova;nadia.ivanova@email.com;UA;;
57;Rafael;Santos;rafael.santos@email.com;BR;;
58;Emilia;Korhonen;emilia.korhonen@email.com;FI;;
59;Hassan;Mahmoud;hassan.mahmoud@email.com;EG;;
60;Valentina;Ricci;valentina.ricci@email.com;IT;;
61;Seo-yeon;Kim;seoyeon.kim@email.com;KR;;
62;Anders;Pedersen;anders.pedersen@email.com;NO;;
63;Fatima;El-Amin;fatima.elamin@email.com;SD;;
64;Pavel;Novak;pavel.novak@email.com;CZ;;
65;Amelia;Taylor;amelia.taylor@email.com;NZ;;
66;Youssef;Haddad;youssef.haddad@email.com;LB;;
67;Ingrid;Jansen;ingrid.jansen@email.com;NL;;
68;Ryo;Watanabe;ryo.watanabe@email.com;JP;;
69;Catalina;Rodriguez;catalina.rodriguez@email.com;CO;;
70;Markus;Weber;markus.weber@email.com;CH;;
71;Aisha;Patel;aisha.patel@email.com;IN;;
72;Javier;Gonzalez;javier.gonzalez@email.com;ES;;
73;Anya;Volkov;anya.volkov@email.com;RU;;
74;Mehmet;Yilmaz;mehmet.yilmaz@email.com;TR;;
75;Chiara;Conti;chiara.conti@email.com;IT;;
76;Jun;Liu;jun.liu@email.com;CN;;
77;Eva;Andersson;eva.andersson@email.com;SE;;
78;Karim;Hassan;karim.hassan@email.com;EG;;
79;Lena;MÃ¼ller;lena.mueller@email.com;DE;;
80;Sofia;Ferreira;sofia.ferreira@email.com;PT;;
81;Hiroshi;Nakamura;hiroshi.nakamura@email.com;JP;;
82;Mia;Jensen;mia.jensen@email.com;DK;;
83;Ali;Karimi;ali.karimi@email.com;IR;;
84;Zuzana;Svobodova;zuzana.svobodova@email.com;CZ;;
85;Andrei;Popov;andrei.popov@email.com;RU;;
86;Isabella;Rossi;isabella.rossi@email.com;IT;;
87;Yannick;Lefevre;yannick.lefevre@email.com;BE;;
88;Fatma;Yilmaz;fatma.yilmaz@email.com;TR;;
89;Mateo;Fernandez;mateo.fernandez@email.com;AR;;
90;Ling;Wang;ling.wang@email.com;CN;;
91;Oscar;Lindberg;oscar.lindberg@email.com;SE;;
92;Amina;Mbaye;amina.mbaye@email.com;SN;;
93;Luca;Marino;luca.marino@email.com;IT;;
94;Zara;Khan;zara.khan@email.com;PK;;
95;Erik;Hansen;erik.hansen@email.com;NO;;
96;Yuki;Kobayashi;yuki.kobayashi@email.com;JP;;
97;Elena;Ionescu;elena.ionescu@email.com;RO;;
98;Mohammed;Al-Sayed;mohammed.alsayed@email.com;SA;;
99;Astrid;De Vries;astrid.devries@email.com;NL;;
100;Raj;Gupta;raj.gupta@email.com;IN;;